{"cameraMode":{"drawMode":0,"name":"Shaded","section":"Shading Mode"},"sceneLighting":false,"audioPlay":false,"sceneViewState":{"m_AlwaysRefresh":false,"showFog":true,"showSkybox":false,"showFlares":true,"showImageEffects":true,"showParticleSystems":true,"showVisualEffectGraphs":true,"m_FxEnabled":true},"in2DMode":false,"pivot":{"x":-1.6795239448547364,"y":5.3563923835754398,"z":7.265779972076416},"rotation":{"x":0.20211626589298249,"y":0.33876147866249087,"z":-0.07476571202278137,"w":0.9158830046653748},"size":0.2064947932958603,"orthographic":false}